label,name,series,size_category
1,,Series I,Large
2,,Series I,Large
3,,Series I,Large
4,,Series I,Large
5,,Series I,Large
6,,Series I,Large
7,,Series I,Large
7a,,Series I,Large
7b,,Series I,Large
7c,,Series I,Large
8,,Series I,Large
8a,,Series I,Large
9,,Series I,Large
10,,Series I,Large
11,,Series I,Large
11a,,Series I,Large
12,,Series I,Large
13,,Series I,Large
14,,Series I,Large
16,,Series I,Large
17a,,Series I,Large
19,,Series I,Large
20,,Series I,Large
21,,Series I,Large
22,,Series I,Large
23,,Series I,Large
25,,Series I,Large
26,,Series I,Large
27,,Series I,Large
28,,Series I,Large
29,,Series I,Large
30,,Series I,Large
31,,Series I,Large
32,,Series I,Large
34,,Series I,Large
35,,Series I,Large
36,,Series I,Large
36a,,Series I,Large
36b,,Series I,Large
36c,,Series I,Large
36d,,Series I,Large
36e,,Series I,Large
36f,,Series I,Large
36g,,Series I,Large
36h,,Series I,Large
36j,,Series I,Large
36k,,Series I,Large
36L,,Series I,Large
36m,,Series I,Large
36n,,Series I,Large
37,,Series I,Large
38,,Series I,Large
38a,,Series I,Large
39,,Series I,Large
40,,Series I,Large
40a,,Series I,Large
41,,Series I,Large
42,,Series I,Large
43,,Series I,Large
44,,Series I,Large
45,,Series I,Large
46,,Series I,Large
46a,,Series I,Large
46b,,Series I,Large
46c,,Series I,Large
46d,,Series I,Large
46e,,Series I,Large
46f,,Series I,Large
47,,Series I,Large
47a,,Series I,Large
48,,Series I,Large
49,,Series I,Large
50,,Series I,Large
51,,Series I,Large
52,,Series I,Large
53,,Series I,Large
53a,,Series I,Large
54,,Series I,Large
54a,,Series I,Large
55,,Series I,Large
56,,Series I,Large
56a,,Series I,Large
57,,Series I,Large
57a,,Series I,Large
58,,Series I,Large
58a,,Series I,Large
59,,Series I,Large
59a,,Series I,Large
60,,Series I,Large
61,,Series I,Large
61a,,Series I,Large
61b,,Series I,Large
61c,,Series I,Large
62,,Series I,Large
62a,,Series I,Large
62b,,Series I,Large
63,,Series I,Large
63a,,Series I,Large
63b,,Series I,Large
64,,Series I,Large
65,,Series I,Large
65a,,Series I,Large
65b,,Series I,Large
65c,,Series I,Large
65d,,Series I,Large
65e,,Series I,Large
65f,,Series I,Large
65g,,Series I,Large
65h,,Series I,Large
65j,,Series I,Large
65k,,Series I,Large
65L,,Series I,Large
65m,,Series I,Large
66,,Series I,Large
66a,,Series I,Large
66b,,Series I,Large
66c,,Series I,Large
66d,,Series I,Large
67,,Series I,Large
68,,Series I,Large
69,,Series I,Large
69a,,Series I,Large
69b,,Series I,Large
70,,Series I,Large
71,,Series I,Large
72,,Series I,Large
73,,Series I,Large
74,,Series I,Large
74a,,Series I,Large
74b,,Series I,Large
74c,,Series I,Large
75,,Series I,Large
76,,Series I,Large
77,,Series I,Large
77a,,Series I,Large
77b,,Series I,Large
77c,,Series I,Large
77d,,Series I,Large
77e,,Series I,Large
78,,Series I,Large
79,,Series I,Large
80,,Series I,Large
81,,Series I,Large
81a,,Series I,Large
81b,,Series I,Large
82,,Series I,Large
82a,,Series I,Large
82b,,Series I,Large
82c,,Series I,Large
83,,Series I,Large
84,,Series I,Large
85,,Series I,Large
86,,Series I,Large
86a,,Series I,Large
86b,,Series I,Large
87,,Series I,Large
88,,Series I,Large
88a,,Series I,Large
89,,Series I,Large
89a,,Series I,Large
89b,,Series I,Large
89c,,Series I,Large
89d,,Series I,Large
89e,,Series I,Large
89f,,Series I,Large
89g,,Series I,Large
89h,,Series I,Large
89j,,Series I,Large
89k,,Series I,Large
90,,Series I,Large
91,,Series I,Large
92,,Series I,Large
93,,Series I,Large
93a,,Series I,Large
93b,,Series I,Large
94,,Series I,Large
94a,,Series I,Large
95,,Series I,Large
95a,,Series I,Large
95b,,Series I,Large
95c,,Series I,Large
95d,,Series I,Large
95e,,Series I,Large
95f,,Series I,Large
95g,,Series I,Large
95h,,Series I,Large
95j,,Series I,Large
95k,,Series I,Large
95L,,Series I,Large
95m,,Series I,Large
95n,,Series I,Large
95p,,Series I,Large
95q,,Series I,Large
95r,,Series I,Large
96,,Series I,Large
96a,,Series I,Large
97,,Series I,Large
98,,Series I,Large
98a,,Series I,Large
99,,Series I,Large
100,,Series I,Large
101,,Series I,Large
101a,,Series I,Large
101b,,Series I,Large
101c,,Series I,Large
101d,,Series I,Large
101e,,Series I,Large
102,,Series I,Large
103,,Series I,Large
104,,Series I,Large
105,,Series I,Large
106,,Series I,Large
106a,,Series I,Large
106b,,Series I,Large
107,,Series I,Large
107a,,Series I,Large
108,,Series I,Large
109,,Series I,Large
110,,Series I,Large
110a,,Series I,Large
111,,Series I,Large
111a,,Series I,Large
111b,,Series I,Large
111c,,Series I,Large
111d,,Series I,Large
112,,Series I,Large
112a,,Series I,Large
112b,,Series I,Large
112c,,Series I,Large
112d,,Series I,Large
112e,,Series I,Large
112f,,Series I,Large
112g,,Series I,Large
112h,,Series I,Large
112k,,Series I,Large
112L,,Series I,Large
112m,,Series I,Large
112n,,Series I,Large
113,,Series I,Large
113a,,Series I,Large
114,,Series I,Large
114a,,Series I,Large
115,,Series I,Large
115a,,Series I,Large
115b,,Series I,Large
115c,,Series I,Large
115d,,Series I,Large
115e,,Series I,Large
116,,Series I,Large
116a,,Series I,Large
116b,,Series I,Large
117,,Series I,Large
118,,Series I,Large
118a,,Series I,Large
119,,Series I,Large
120,,Series I,Large
120a,,Series I,Large
121,,Series I,Large
121a,,Series I,Large
122,,Series I,Large
122a,,Series I,Large
122b,,Series I,Large
122c,,Series I,Large
122d,,Series I,Large
123,,Series I,Large
123a,,Series I,Large
123b,,Series I,Large
124,,Series I,Large
125,,Series I,Large
126,,Series I,Large
127,,Series I,Large
128,,Series I,Large
129,,Series I,Large
130,,Series I,Large
131,,Series I,Large
132,,Series I,Large
133,,Series I,Large
134,,Series I,Large
134a,,Series I,Large
134b,,Series I,Large
134c,,Series I,Large
134d,,Series I,Large
135,,Series I,Large
136,,Series I,Large
137,,Series I,Large
138,,Series I,Large
138a,,Series I,Large
139,,Series I,Large
140,,Series I,Large
141,,Series I,Large
141a,,Series I,Large
141b,,Series I,Large
141c,,Series I,Large
142,,Series I,Large
143,,Series I,Large
143a,,Series I,Large
143b,,Series I,Large
144,,Series I,Large
144a,,Series I,Large
145,,Series I,Large
145a,,Series I,Large
145b,,Series I,Large
146,,Series I,Large
146a,,Series I,Large
146b,,Series I,Large
146c,,Series I,Large
146d,,Series I,Large
146e,,Series I,Large
146f,,Series I,Large
147,,Series I,Large
148,,Series I,Large
149,,Series I,Large
150,,Series I,Large
151,,Series I,Large
152,,Series I,Large
153,,Series I,Large
154,,Series I,Large
155,,Series I,Large
155a,,Series I,Large
156,,Series I,Large
157,,Series I,Large
158,,Series I,Large
159,,Series I,Large
160,,Series I,Large
161,,Series I,Large
161a,,Series I,Large
162,,Series I,Large
162a,,Series I,Large
162b,,Series I,Large
163,,Series I,Large
164,,Series I,Large
164a,,Series I,Large
164b,,Series I,Large
164c,,Series I,Large
164d,,Series I,Large
165,,Series I,Large
166,,Series I,Large
167,,Series I,Large
168,,Series I,Large
169,,Series I,Large
170,,Series I,Large
171,,Series I,Large
172,,Series I,Large
172a,,Series I,Large
172b,,Series I,Large
173,,Series I,Large
173a,,Series I,Large
174,,Series I,Large
175,,Series I,Large
176,,Series I,Large
177,,Series I,Large
178,,Series I,Large
179,,Series I,Large
180,,Series I,Large
181,,Series I,Large
181a,,Series I,Large
182,,Series I,Large
183,,Series I,Large
184,,Series I,Large
184a,,Series I,Large
185,,Series I,Large
185a,,Series I,Large
186,,Series I,Large
186a,,Series I,Large
187,,Series I,Large
187a,,Series I,Large
188,,Series I,Large
188a,,Series I,Large
189,,Series I,Large
190,,Series I,Large
191,,Series I,Large
192,,Series I,Large
193,,Series I,Large
194,,Series I,Large
195,,Series I,Large
195a,,Series I,Large
195b,,Series I,Large
196,,Series I,Large
197,,Series I,Large
198,,Series I,Large
199,,Series I,Large
200,,Series I,Large
201,,Series I,Large
202,,Series I,Large
203,,Series I,Large
204,,Series I,Large
205,,Series I,Large
206,,Series I,Large
207,,Series I,Large
208,,Series I,Large
208a,,Series I,Large
209,,Series I,Large
210,,Series I,Large
211,,Series I,Large
211a,,Series I,Large
211b,,Series I,Large
212,,Series I,Large
212a,,Series I,Large
212b,,Series I,Large
213,,Series I,Large
214,,Series I,Large
214a,,Series I,Large
215,,Series I,Large
215a,,Series I,Large
216,,Series I,Large
216a,,Series I,Large
216b,,Series I,Large
216c,,Series I,Large
219,,Series I,Large
220,,Series I,Large
220a,,Series I,Large
221,,Series I,Large
221a,,Series I,Large
221b,,Series I,Large
222,,Series I,Large
222a,,Series I,Large
222b,,Series I,Large
223,,Series I,Large
224,,Series I,Large
225,,Series I,Large
226,,Series I,Large
227,,Series I,Large
228,,Series I,Large
229,,Series I,Large
230,,Series I,Large
230a,,Series I,Large
230b,,Series I,Large
230c,,Series I,Large
230d,,Series I,Large
231,,Series I,Large
231a,,Series I,Large
231b,,Series I,Large
231c,,Series I,Large
232,,Series I,Large
232a,,Series I,Large
233,,Series I,Large
234,,Series I,Large
234a,,Series I,Large
235,,Series I,Large
236,,Series I,Large
237,,Series I,Large
237a,,Series I,Large
238,,Series I,Large
238a,,Series I,Large
239,,Series I,Large
239a,,Series I,Large
240,,Series I,Large
241,,Series I,Large
242,,Series I,Large
243,,Series I,Large
244,,Series I,Large
244a,,Series I,Large
245,,Series I,Large
246,,Series I,Large
247,,Series I,Large
247a,,Series I,Large
248,,Series I,Large
249,,Series I,Large
250,,Series I,Large
251,,Series I,Large
252,,Series I,Large
253,,Series I,Large
253a,,Series I,Large
254,,Series I,Large
255,,Series I,Large
256,,Series I,Large
256a,,Series I,Large
256b,,Series I,Large
256c,,Series I,Large
257,,Series I,Large
258,,Series I,Large
259,,Series I,Large
260,,Series I,Large
261,,Series I,Large
262,,Series I,Large
262a,,Series I,Large
262b,,Series I,Large
263,,Series I,Large
264,,Series I,Large
264a,,Series I,Large
264/1a,,Series I,Large
264/1b,,Series I,Large
264/1c,,Series I,Large
264/1d,,Series I,Large
264/1e,,Series I,Large
264/1f,,Series I,Large
264/1g,,Series I,Large
264/1h,,Series I,Large
264/1j,,Series I,Large
264/2a,,Series I,Large
264/2b,,Series I,Large
264/2c,,Series I,Large
264/2d,,Series I,Large
264/2e,,Series I,Large
264/3a,,Series I,Large
264/3b,,Series I,Large
264/3c,,Series I,Large
264/3d,,Series I,Large
264/4a,,Series I,Large
264/4b,,Series I,Large
264/4c,,Series I,Large
264/5a,,Series I,Large
264/6a,,Series I,Large
264/6b,,Series I,Large
264/7a,,Series I,Large
264/7b,,Series I,Large
264/7c,,Series I,Large
264/7d,,Series I,Large
264/8a,,Series I,Large
264/9a,,Series I,Large
264/10a,,Series I,Large
264/11a,,Series I,Large
264/12a,,Series I,Large
264/13a,,Series I,Large
264/14a,,Series I,Large
264/15a,,Series I,Large
264/16a,,Series I,Large
265,,Series II,Medium
266,,Series II,Medium
267,,Series II,Medium
268,,Series II,Medium
269,,Series II,Medium
270,,Series II,Medium
271,,Series II,Medium
272,,Series II,Medium
273,,Series II,Medium
274,,Series II,Medium
275,,Series II,Medium
275a,,Series II,Medium
276,,Series II,Medium
277,,Series II,Medium
278,,Series II,Medium
279,,Series I/II,Large
279a,,Series I/II,Large
279b,,Series I/II,Large
279c,,Series I/II,Large
279d,,Series I/II,Large
279e,,Series I/II,Large
279f,,Series I/II,Large
279g,,Series I/II,Large
279h,,Series I/II,Large
280,,Series II,Medium
281,,Series II,Medium
282,,Series II,Medium
283,,Series II,Medium
283a,,Series II,Medium
284,,Series II,Medium
285,,Series II,Medium
285a,,Series II,Medium
286,,Series II,Medium
286a,,Series II,Medium
287,,Series II,Medium
288,,Series II,Medium
289,,Series II,Medium
290,,Series II,Medium
290a,,Series II,Medium
291,,Series III,Medium
292,,Series III,Medium
293,,Series III,Medium
294,,Series III,Medium
294a,,Series III,Medium
295,,Series III,Medium
296,,Series III,Medium
297,,Series III,Medium
297a,,Series III,Medium
298,,Series III,Medium
299,,Series III,Medium
300,,Series III,Medium
300a,,Series III,Medium
301,,Series III,Medium
302,,Series III,Medium
303,,Series III,Medium
304,,Series III,Medium
304a,,Series III,Medium
305,,Series III,Medium
306,,Series III,Medium
307,,Series III,Medium
308,,Series III,Medium
308a,,Series III,Medium
309,,Series III,Medium
310,,Series III,Medium
311,,Series III,Medium
312,,Series III,Medium
312a,,Series III,Medium
313,,Series III,Medium
314,,Series III,Medium
314a,,Series III,Medium
315,,Series III,Medium
316,,Series III,Medium
317,,Series III,Medium
318,,Series III,Medium
319,,Series III,Medium
320,,Series III,Medium
321,,Series III,Medium
322,,Series III,Medium
323,,Series III,Medium
324,,Series III,Medium
325,,Series III,Medium
325a,,Series III,Medium
326,,Series III,Medium
326a,,Series III,Medium
327,,Series III,Medium
328,,Series III,Medium
329,,Series III,Medium
330,,Series III,Medium
330a,,Series III,Medium
331,,Series III,Medium
332,,Series III,Medium
332a,,Series III,Medium
332b,,Series III,Medium
333,,Series III,Medium
334,,Series III,Medium
334a,,Series III,Medium
334b,,Series III,Medium
334c,,Series III,Medium
335,,Series IVa / Series IVb,Medium
336,,Series IVa / Series IVb,Medium
337,,Series IVa / Series IVb,Medium
338,,Series IVa / Series IVb,Medium
339,,Series IVa / Series IVb,Medium
340,,Series IVa / Series IVb,Medium
341,,Series IVa / Series IVb,Medium
341a,,Series IVa / Series IVb,Medium
342,,Series IVa / Series IVb,Medium
342a,,Series IVa / Series IVb,Medium
343,,Series IVa / Series IVb,Medium
344,,Series IVa / Series IVb,Medium
345,,Series IVa / Series IVb,Medium
346,,Series IVa / Series IVb,Medium
347,,Series IVa / Series IVb,Medium
348,,Series IVa / Series IVb,Medium
349,,Series IVa / Series IVb,Medium
350,,Series IVa / Series IVb,Medium
351,,Series IVa / Series IVb,Medium
352,,Series IVa / Series IVb,Medium
353,,Series IVa / Series IVb,Medium
354,,Series IVa / Series IVb,Medium
355,,Series IVa / Series IVb,Medium
356,,Series IVa / Series IVb,Medium
357,,Series IVa / Series IVb,Medium
358,,Series IVa / Series IVb,Medium
359,,Series IVa / Series IVb,Medium
360,,Series IVa / Series IVb,Medium
361,,Series IVa / Series IVb,Medium
362,,Series IVa / Series IVb,Medium
363,,Series IVa / Series IVb,Medium
364,,Series IVa / Series IVb,Medium
365,,Series IVa / Series IVb,Medium
366,,Series IVa / Series IVb,Medium
366a,,Series IVa / Series IVb,Medium
367,,Series IVa / Series IVb,Medium
368,,Series IVa / Series IVb,Medium
369,,Series IVa / Series IVb,Medium
370,,Series IVa / Series IVb,Medium
371,,Series IVa / Series IVb,Medium
372,,Series IVa / Series IVb,Medium
373,,Series IVa / Series IVb,Medium
374,,Series IVa / Series IVb,Medium
374a,,Series IVa / Series IVb,Medium
375,,Series IVa / Series IVb,Medium
376,,Series IVa / Series IVb,Medium
377,,Series IVa / Series IVb,Medium
378,,Series IVa / Series IVb,Medium
379,,Series IVa / Series IVb,Medium
379a,,Series IVa / Series IVb,Medium
379b,,Series IVa / Series IVb,Medium
380,,Series IVa / Series IVb,Medium
380a,,Series IVa / Series IVb,Medium
381,,Series IVa / Series IVb,Medium
382,,Series IVa / Series IVb,Medium
383,,Series IVa / Series IVb,Medium
384,,Series IVa / Series IVc,Medium
385,,Series IVa / Series IVc,Medium
386,,Series IVa / Series IVc,Medium
387,,Series IVa / Series IVc,Medium
388,,Series IVa / Series IVc,Medium
389,,Series IVa / Series IVc,Medium
390,,Series IVa / Series IVc,Medium
391,,Series IVa / Series IVc,Medium
392,,Series IVa / Series IVc,Medium
393,,Series IVa / Series IVc,Medium
394,,Series IVa / Series IVc,Medium
395,,Series IVc,Medium
396,,Series IVc,Medium
396a,,Series IVc,Medium
397,,Series IVc,Medium
397a,,Series IVc,Medium
397b,,Series IVc,Medium
397c,,Series IVc,Medium
398,,Series IVd,Medium
399,,Series IVd,Medium
400,,Series IVd,Medium
401,,Series IVd,Medium
402,,Series IVd,Medium
403,,Series IVd,Medium
404,,Series IVd,Medium
405,,Series IVd,Medium
406,,Series IVd,Medium
407,,Series IVd,Medium
408,,Series IVd,Medium
409,,Series IVd,Medium
410,,Series IVd,Medium
411,,Series IVd,Medium
412,,Series IVd,Medium
412a,,Series IVd,Medium
413,,Series IVd,Medium
414,,Series IVd,Medium
415,,Series IVd,Medium
416,,Series IVd,Medium
417,,Series IVd,Medium
418,,Series IVd,Medium
419,,Series IVd,Medium
420,,Series IVd,Medium
420a,,Series IVd,Medium
421,,Series IVd,Medium
422,,Series IVd,Medium
422a,,Series IVd,Medium
423,,Series IVd,Medium
424,,Series IVd,Medium
425,,Series IVd,Medium
426,,Series IVd,Medium
427,,Series IVd,Medium
428,,Series IVd,Medium
428a,,Series IVd,Medium
429,,Series IVd,Medium
430,,Series IVd,Medium
431,,Series IVd,Medium
432,,Series IVd,Medium
433,,Series IVd,Medium
434,,Series IVd,Medium
435,,Series IVd,Medium
436,,Series IVd,Medium
437,,Series IVd,Medium
438,,Series IVd,Medium
439,,Series IVd,Medium
440,,Series IVd,Medium
441,,Series IVd,Medium
441a,,Series IVd,Medium
442,,Series IVd,Medium
443,,Series IVd,Medium
444,,Series IVd,Medium
444a,,Series IVd,Medium
445,,Series IVd,Medium
446,,Series IVd,Medium
447,,Series IVd,Medium
448,,Series IVd,Medium
449,,Series IVd,Medium
450,,Series IVd,Medium
451,,Series IVd,Medium
452,,Series IVd,Medium
453,,Series IVd,Medium
454,,Series IVd,Medium
455,,Series IVd,Medium
456,,Series IVd,Medium
457,,Series IVd,Medium
458,,Series IVd,Medium
459,,Series IVd,Medium
460,,Series IVd,Medium
461,,Series IVd,Medium
461a,,Series IVd,Medium
462,,Series IVd,Medium
463,,Series IVd,Medium
463a,,Series IVd,Medium
464,,Series IVd,Medium
465,,Series IVd,Medium
466,,Series IVd,Medium
467,,Series IVd,Medium
468,,Series IVd,Medium
469,,Series IVd,Medium
470,,Series IVd,Medium
471,,Series IVd,Medium
472,,Series IVd,Medium
473,,Series IVd,Medium
474,,Series IVd,Medium
474a,,Series IVd,Medium
475,,Series IVd,Medium
475a,,Series IVd,Medium
476,,Series IVd,Medium
476a,,Series IVd,Medium
476b,,Series IVd,Medium
476c,,Series IVd,Medium
476d,,Series IVd,Medium
477,,Series Va,Small
478,,Series Va,Small
479,,Series Va,Small
479a,,Series Va,Small
480,,Series Va,Small
481,,Series Va,Small
482,,Series Va,Small
483,,Series Va,Small
484,,Series Va,Small
485,,Series Va,Small
486,,Series Va,Small
486a,,Series Va,Small
487,,Series Va,Small
487a,,Series Va,Small
488,,Series Va,Small
489,,Series Va,Small
490,,Series Va,Small
491,,Series Va,Small
492,,Series Va,Small
493,,Series Va,Small
494,,Series Va,Small
495,,Series Va,Small
496,,Series Va,Small
496a,,Series Va,Small
496b,,Series Va,Small
497,,Series Va,Small
498,,Series Va,Small
499,,Series Va,Small
500,,Series Va,Small
501,,Series Va,Small
502,,Series Va,Small
503,,Series Va,Small
505,,Series Va,Small
505a,,Series Va,Small
506,,Series Va,Small
507,,Series Va,Small
507a,,Series Va,Small
508,,Series Va,Small
509,,Series Va,Small
510,,Series Vb,Small
511,,Series Vb,Small
512,,Series Vb,Small
513,,Series Vb,Small
514,,Series Vb,Small
515,,Series Vb,Small
516,,Series Vb,Small
517,,Series Vb,Small
518,,Series Vb,Small
519,,Series Vb,Small
520,,Series Vb,Small
521,,Series Vb,Small
522,,Series Vb,Small
523,,Series Vb,Small
524,,Series Vb,Small
525,,Series Vb,Small
526,,Series Vb,Small
526a,,Series Vb,Small
527,,Series VIa,Small
528,,Series VIa,Small
529,,Series VIa,Small
530,,Series VIa,Small
531,,Series VIa,Small
532,,Series VIa,Small
533,,Series VIa,Small
534,,Series VIa,Small
535,,Series VIa,Small
536,,Series VIa,Small
537,,Series VIa,Small
538,,Series VIa,Small
539,,Series VIa,Small
539a,,Series VIa,Small
539b,,Series VIa,Small
539c,,Series VIa,Small
539d,,Series VIa,Small
540,,Series VIb,Small
541,,Series VIb,Small
542,,Series VIb,Small
542a,,Series VIb,Small
543,,Series VIb,Small
544,,Series VIb,Small
545,,Series VIb,Small
546,,Series VIb,Small
547,,Series VIb,Small
548,,Series VIb,Small
549,,Series VIb,Small
550,,Series VIb,Small
551,,Series VIb,Small
552,,Series VIb,Small
553,,Series VIb,Small
554,,Series VIb,Small
555,,Series VIb,Small
556,,Series VIb,Small
557,,Series VIb,Small
558,,Series VIb,Small
559,,Series VIb,Small
560,,Series VIb,Small
561,,Series VIb,Small
562,,Series VIb,Small
563,,Series VIb,Small
564,,Series VIb,Small
565,,Series VIb,Small
566,,Series VIb,Small
567,,Series VIb,Small
567a,,Series VIb,Small
568,,Series VIb,Small
569,,Series VIb,Small
570,,Series VIb,Small
571,,Series VIb,Small
572,,Series VIb,Small
572a,,Series VIb,Small
573,,Series VIb,Small
574,,Series VIb,Small
574a,,Series VIb,Small
575,,Series VIb,Small
576,,Series VIb,Small
577,,Series VIb,Small
578,,Series VIb,Small
579,,Series VIb,Small
580,,Series VIb,Small
581,,Series VIb,Small
582,,Series VIb,Small
583,,Series VIb,Small
584,,Series VII,Small
585,,Series VII,Small
586,,Series VII,Small
587,,Series VII,Small
588,,Series VII,Small
589,,Series VII,Small
590,,Series VII,Small
591,,Series VII,Small
592,,Series VII,Small
592a,,Series VII,Small
592b,,Series VII,Small
593,,Series VII,Small
594,,Series VII,Small
595,,Series VII,Small
596,,Series VII,Small
596a,,Series VII,Small