label,Category,description
1,Elephant,Elephant right (varieties occur see text)
2,Two taurines,Dot within circle flanked by two taurines
3,,Centipede-like insect
4,,Central dot surrounded by four dots arranged quadrilaterally all within a square frame
5,,Candelabrum
6,Plant with roots,Plant with single stem and extended top roots turned to the left
6a,Plant with roots,As 6 but the roots extend vertically upwards more
7,Plant with roots,Plant with single stem and triangular top roots turned to the left. There is doubt about this mark which is easily confused with mark 6
8,,Eight spokes around a circle with small hole in centre
9,Other plants,Twig with five almond-shaped leaves
10,Plant with roots,Plant with single stem and extended top roots turned to the right
10a,Plant with roots,As 10 but the roots extend vertically upwards more
11,Plant with roots,Plant with single stem and triangular top turned to the right. There is doubt about this mark which is easily confused with mark 10
12,,A zigzag of five lines
13,Fish,Four fishes in a box facing inwards
14,,Four taurines round a central dot
14a,,As 14 but taurines anti-clockwise
15,,Three ovals in a row bisected by a central line the ovals either tangent or separate
16,Tree in railing,Tree with six simple branches upon four-square railing ('Tree in railing')
16a,Tree in railing,Tree with eight simple branches upon four-square railing ('Tree in railing')
17,Tree in railing,Tree with four simple branches upon six-square railing
18,Arches,A base supporting three vertical poles two with slanted tops all flanked by two arches
19,Donkey or horse,Donkey or horse facing right
19a,Donkey or horse,Donkey or horse with mane right. Minor variants occur
20,Squared square,A four-squared square
21,Deer-like,Deer before a twig; above two dots joined together with vertical line to their right
21a,,As 21a but the four dots not in a square
21b,,As 21 but above four dots in a square with vertical line to their right
21c,,As 21a but above two dots a vertical line and a smaller vertical line joined to it
21d,,As 21a but above a vertical line and two horizontal prongs attached to the left
21e,,As 21a but above a vertical line and three horizontal prongs attached to the left
22,Bull; Standard,Bull right with standard horizontally above
23,Dog or Rabbit-like; Tortoise,Dog with pup in mouth tortoise and three taurines below
24,,Steelyard (balance) with pan to left
24a,,As 24 but weight at foot open
25,,As 24 but pan to right
26,Elephant; Spider,Elephant right over spider-like insect
27,Bull,Bull right with cusp and two taurines in front
28,Rake,Two double-ended taurines either side of a rake with four prongs
28a,Rake,As 28 but normal taurines
29,,Twig with four straight branches sloping upwards tangent to and within a circle
29a,,As 29 but branches tend to horizontal and not tangent to circle
30,Centipede,Curled centipede with pincers at both ends
31,Centipede,As 30 but oblique legs on underside only and taurine within the curl above
32,Centipede,As 30 but oblique legs on underside
33,Snake,Snake with open mouth surrounded by dots on three sides
34,Large taurine,Circle enclosing taurine
35,,Flower from above with central ovary and (usually) seven petals
35a,,As 35 but solid centre
36,Elephant,Elephant left
37,,Circle containing three outline circles
38,,Five outline circles one in the centre and four surrounding
39,,Large dot with small pellets around
40,,Triangle enclosing three dots
41,Large taurine,Taurine within rectangle
42,,Two squares with vertical line between; the squares sometimes open
43,,Tilde-like shape perhaps a worm
44,,Large outline circle
45,,Circle enclosing an oval solid dot
46,Bull,Bull left
47,,Circle enclosing three dots
48,,Five-pointed solid star with central piercing
49,,Square enclosing four circles
50,Arc & dots,Crescent facing up enclosing six dots arranged 3-2-1
51,Other plants,A plant with four straight upward-inclined branches and a broader base with a dot or protrusion at the foot
52,Other plants,A simple twig with three (sometimes four) straight upward-inclined branches no buds or leaves
53,,A W-shaped mark
54,,Triangle enclosing a dot
55,Wheels with spokes,Circle with six spokes and a central piercing. Note this may be a bankers mark
56,,Beetle in a box
57,Fish,Fish
58,Bull,Bull right
59,,Circle with eight dots around
60,,A shape like a hook on an oval ring
61,,Simple outline triangle
62,,Circle enclosing two conjoined ovals
63,,A frustum enclosing three dots
64,Human Figure,A shape like a human holding an uncertain object low down at left
65,,Comb-like object
65d,,Six-Armed Symbol
66,,Circle encasing a vertical line to which a curved line is attached
67,,Circle within which a vertical pole holding up an oval outline
68,,Cross with central piercing
69,,Wide-topped pot
70,Large taurine,Taurine with dots round the sides and bottom. See also 3rd and 4th marks
71,Human Figure,Human-like figure (?) facing
72,Other plants,Plant with eleven branches each with single round leaves on a circular base
73,,Three dots with no outer circle
74,,Solid dot around which an arc with bifurcated ends
75,Plant with roots,Vertical pole containing three dots with three-pronged tail to left
76,,Circle enclosing a vertical pole holding up a solid oval
77,Other plants,A twig with a bud at the top of the stem and three upward-inclined branches ending in buds. Minor variants are included in this category
78,,Dome with four triangles two each side and a bulbous point at the top perhaps representing a building
79,Centipede,Centipede with tail to right
79a,Centipede,As 79 but tail to the left and extended
80,Fish,Circle enclosing four fishes facing pointing towards an annulet in the centre
81,Centipede,Centipode with tail to left
82,Bull,Wide-horned bull left
83,Beetle-like,Two fishes side by side in a rectangle fins touching
83a,Fish,Two fishes side by side in a rectangle fins not touching
84,Other plants,Plant with triangular base five branches with single leaves and four dots between the leaves
85,Other plants,Plant with triangular base seven branches with single leaves and two dots under the lower leaves
86,,Ellipse with four legs and dots around perhaps a beetle
87,Fish,Circle enclosing three fishes swimming clockwise
88,Fish,Three fishes separated by a wavy line
89,Fish,Four fishes swimming clockwise
90,,Two taurines either side of a pole supporting a sausage-shaped outline oval with a dot on top
90a,,As 90 but the dot on top is replaced with two taurines
91,Other plants,Twig with four branches each with three leaves and a single leaf at top
92,Other plants,Tree with six branches each with three leaves single leaf at top
93,Tree in railing,Tree-in-railing symbol comprising plant with seven leaves and bulbous base and four-square railing each side
94,,Two outline circles surrounded by eight taurines going clockwise
95,Squared square,Square divided into four with a dot in each sector
96,,Outline cross enclosing four taurines facing outwards
97,,Four taurines surrounding a central cusp all in a square
98,Arches,Three arches in pyramid form each enclosing a dumbbell symbol
99,,Cruciform of four diamonds emanating from a small central solid square
100,Standard,Triangle-headed standard with a taurine at each side
101,,Two crescents back-to-back horizontal pole above
102,Tree in railing,Four square box supporting a plant with seven ovate/pointed leaves
103,Snake,Curled snake facing left
104,,Swastika with anticlockwise-facing taurines in angles
105,Elephant,Elephant right with rider
106,Tree in railing,Four-square tub supporting a plant with five branches three leaves on each branch
107,Two taurines,Vertical pole with crescent at each end and a taurine on each side
108,Tree in railing,Ornamented four-square box supporting a plant with five leaves
109,Deer-like; Tree in railing,Four-square box supporting plant with four branches each with three leaves single leaf at top. To the left a deer eating the plant above a dot surrounded by five dots
110,Squared square,Four-square box with alternate taurines and dumbbells in the quarters
111,Tree in railing,Four-square square supporting plant with five leaves with pointed ends to left a small dog facing right
112,Dog or Rabbit-like,Lunette shape within which small dog right five dots above
113,Beetle-like,Rectangle enclosing fish dot with cusps above and below to either side
114,Two taurines,Four dots with a taurine on either side all in a rectangle
115,Other plants; Arches,Five-arched hill supporting a tree with four branches each with three leaves single leaf at top
116,Tree in railing,Four-square box supporting tree with four branches each with two buds enclosing a dot single bud at top
117,Dog or Rabbit-like,Dog right with srivatsa symbol above
118,Dog or Rabbit-like,Dog right low upward-facing crescent below
119,Bird,Owl facing
120,,Outline circle supporting a round-cornered rectangle divided into three compartments
121,Tortoise,Rectangle bisected vertically taurine above to right a tortoise
122,Bull; Standard,Bull right with triangle-headed standard above
123,Wheels with spokes,Waterwheel with eight cups
124,Standard,Triangle-headed standard horizontal line bisecting the support and an arc connected to it to the right
125,Camel,Animal (camel?) to right dot above
126,,Square cross with dots in each angle
127,,Central dot surrounded by four outward-facing crescents dot within one
128,Standard,Triangular headed standard with wavy-topped pole to right
129,,Taurine with line below hook to left and elephant goad to right
130,Beetle-like,Central dot surrounded by four outward-facing crescents and a beetle
131,,As 130 but beetle replaced by crescent and six small dots
132,Deer-like,Deer left eating five-branched plant oval enclosing four dots above
133,,Rectangle bisected vertically taurine above
134,Tortoise,As 132 but tortoise and taurine to left
135,Tortoise,As 133 but tortoise and taurine to right
136,Tortoise,Tortoise with toes
137,Tortoise,Tortoise with two taurines either side
138,Standard,Triangle-headed standard with triskeles to left comprising outline circle with dot in centre
138a,,As 138 but the standard faces to the left
139,Standard,As 138 but the standard to the right of the triskeles
140,,Triskeles as in 138 but alone
141,Standard,As 138 but triskeles has solid centre
141a,Standard,As 142 but the standard faces to the left
142,Human Figure,Human figure left vertical pole in left hand and pot in right
143,Human Figure; Elephant,Elephant right taurine above to right human figure facing with a dumbbell each side
144,Human Figure; Squared square,Four-square box supporting a plinth on which stands a human figure facing with a crescent in right hand. Two taurines on either side
145,Bull,Bull right with taurine to right and ground line below
146,Standard,Triangle-headed standard with top part encased in an outline half circle two taurines below
147,,A solid dome shape
148,Rake,Symbol like a rake
149,Arc & dots,Upward facing crescent with bossed ends with six dots above arranged 3-2-1
150,Feline,Lion cub (?) right
151,,Large solid boss above which six dots arranged 3 above 3
152,,Large solid dot crescent below and ring of dots above
153,Wheels with spokes,Wheel with inner circle and eight spokes
154,Arc & dots,Upward-facing crescent with ring of dots below
155,Large taurine,Large taurine with a solid dot either side
156,,Wheel with eight spokes and outline circle in centre all in a box
157,Wheels with spokes,Wheel with six spokes and an inner circle small rectangle with handle above
158,,Oval enclosing four solid ovals
160,Feline,Cat-like animal right taurine above
161,Other plants,Plant with five branches each bearing two leaves with a dot between them
162,Large taurine,Taurine with outline circles on three sides
163,,Cruciform outline with central square and outline circles in the angles
164,Arc & dots,Shallow upward-facing crescent with six dots above arranged 3:3 (similar to mark 191)
165,Bull,Bull right in a rectangle
166,,Large solid ball above a ring of five dots around a central dot
167,Large taurine,Taurine with bifurcated ends to horns
168,,Four bud-ended poles facing inwards all in an oval
169,,Dumbbell with solid rectangle to left half circle to right and dot above
170,,Shape like an hourglass
171,Arc & dots,Upward-facing crescent above a ring of five dots round a central dot
172,Wheels with spokes,Wheel with eight spokes and outline circle at hub
173,,Crescent supporting inverted U-shape containing two horizontal lines from the top a flower drooping left
174,,Vertical pole across which lie three taurines facing left above a flower drooping left
175,,Outline circle enclosing a vertical pole supporting a solid oval
176,,Oval enclosing vertical pole with leaf end; from the base two poles at 45 degrees upwards ending in outline circles
177,,Central outline circle from which four taurines extend in cruciform arrangement; dots in angles
178,Arc & dots,Shallow upward-facing crescent above which six dots arranged 3-2-1
179,,A hand with four fingers in a box
180,Large taurine,Taurine with crescent below and ring of dots above
181,Wheels with spokes,Circle with eight spokes and an inner circle; outside four inward-facing arcs tangent to the circle and in cruciform arrangement
182,,Two poles supporting outline ovals either side of a pot
183,Arc & dots,Upward-facing crescent above which eight dots arranged 2-4-2
184,,Solid square with poles ending in outline circles emanating from the corners; solid domes in angles
185,Fish,Square enclosing a fish left below which a central pole with leaf end and either side two poles with oval tops
186,,Beehive shape enclosing one vertical and three horizontal lines
187,Bird,Large bird right
188,,Four almond shaped dots in a box
189,Other plants,Plant with seven branches bearing a single leaf with vertical buds from the four lower branches
190,,Pup right in a circle four dots around
191,Arc & dots,Upward facing crescent with six dots above arranged 3-3. (Similar to mark 164)
192,Dog or Rabbit-like,Pup right in a circle
193,Dog or Rabbit-like,Pup right in a rectangle four taurines around
194,,Rectangle enclosing two fishes two bud-ended poles and four poles with oval caps
195,,Four taurines facing inward in a box
196,Large taurine,Taurine in shield
197,Other plants,Plant with sturdy stem and bulbous base seven branches ending in single leaves
198,,Outline rectangle bisected longways with four solid domes on either side
199,,Three posts arranged two facing up and one in the middle down ending in outline ovals enclosing taurines
200,,Elephant goad spear taurine and e-shaped object all in an oval
201,Rake,Rectangle enclosing rake-like object bisected at the bottom by an uneven wavy line taurines either side
202,,Coconut palm with five branches and coconuts in the angles
203,,Cruciform outline enclosing central circle and outward facing taurines in the quarters; in each angle an outline circle enclosing saltire cross with central pellet
204,Bull,Snorting bull right three oblique lines above back
205,Fish,Three sides of a rectangle from the base of which rises a pole with bud end a fish either side and two dots above
206,,Outline square with sides curved inward
207,,Two parallel lines enclosing downward-facing crescents attached to the base from the top line two right-slanting poles with crescents attached
208,Beetle-like,Box (tank?) enclosing central dot encased by a small square between the two squares four beetles swimming clockwise
209,Fish,Four fishes two above and two below a central line
210,,Box encasing small arcs at each corner. In the centre a wheel with outline circle in hub; four taurines anti-clockwise around
211,,Dumbbell-like shape with four taurines clockwise around
212,,Rectangle enclosing three plants each with three simple upward-inclined branches
213,Dog or Rabbit-like,Dog right with pup in mouth facing inwards
214,,Rectangle enclosing two plants each with five upward-inclined branches ending in buds
215,Beetle-like,Rectangle enclosing two fishes facing in opposite directions and between two spears
216,Scorpion,Insect (scorpion?) from above
217,Fish,Wavy line (river?) with two inward-facing fishes in the angles
218,Other plants,Plant with seven branches bearing single leaves with dots between the branches
219,Fish,Staggered line (river?) with two inward-facing fishes
220,,Dumbbell with small solid rectangle above and taurine to the left
221,,Two boxes each with four dots inside with handles at top
222,Tree in railing,Plant in a tub with thick stem and six branches each with one outline leaf
223,,Box enclosing a plant with five bud-ended branches and a taurine either side at the bottom
224,,Dumbbell with outward-facing taurines at each end
225,Squared square,Four boxes two enclosing taurines and two enclosing fishes
226,Other plants,Plant with eight extended branches each ending in a bud taurine on top
227,,Bulbous vertical pole narrowing at top with two taurines on each side
227a,,Vertical pole supporting elongated bud two taurines each side
228,Feline,Cat-like animal with long tail and prominent ears left (leopard?)
229,,Triskeles with three taurines clockwise around
230,Other plants,Plant with five branches bearing single leaves six dots between and below the branches
231,,Fish with taurine either side of head
232,Beetle-like,Four fishes swimming clockwise in a circular tank with dot within circle in the centre
233,Frog,Frog jumping
234,Bull,Bull right ground line below
235,,Solid square surrounded by four taurines clockwise and saltire crosses at the box corners
236,,Rectangle bisected long ways and supporting a circle on a short pole
237,,Solid square surrounded by four taurines clockwise
238,,Solid oval surrounded by eight taurines clockwise
239,Frog,Frog jumping taurines at each side
240,Rake,Rake-like object with three dots above and long tail turning to the left below
241,Beetle-like; Standard,Triangle-headed standard facing to the right taurine above and a small fish at either side
242,Dog or Rabbit-like,Pup right in circle alternating dots and taurines clockwise around
243,,Solid square with circles at apexes and outward-facing taurines between the circles
244,Wheels with spokes,Eight-spoked wheel with outline circle at hub four taurines clockwise around
245,,Rectangle encasing small arcs at each corner and half way along the long edges and enclosing a solid box with a taurine either side
246,Standard,Triangle-headed standard facing right two taurines below on each side
247,,Pot with taurines above and at either side
248,Standard,Triangle-headed standard facing right taurine on either side
249,,Vertical spear encased in upper part by solid shape with inward-curving sides each harbouring a taurine; a taurine also either side of spear shaft
250,,Three conjoined ovals bisected by a straight line two arcs tangent on either side
251,,Vertical pole supporting plinth above which a bud Latin cross tangent below at either side
252,Other plants,Two thorn hedge plants each with two branches
253,Dog or Rabbit-like,Dog with pup in mouth facing outward ground below
254,,Lozenge shape enclosing vertical spear with a taurine either side
255,,Beehive shape enclosing vertical pole with a fish either side
257,Dog or Rabbit-like,Dog right with ground below and three taurines around
258,,Cross with central pellet taurines facing outwards on cross ends and dumbbells in the angles
259,,Cross formed from central pellet and four dumbbells at their apexes four taurines clockwise shapes like a letter u in the angles
260,,Box enclosing solid square around which four fishes clockwise pellets in corners
261,Camel,Camel right
262,Bull,Bull right with letter F above
262a,,As 262 but sun symbol with no central dot above bull
263,Arches,Pyramid of six tangent arches each enclosing a dumbbell
264,Human Figure,Human figure standing facing holding wheel (missile discus?) high in left hand and stick held high in right. Same as mark 362
265,Bird; Arches,Peacock on pyramid of five tangent arches
266,Human Figure,Female human figure right holding baby to right
267,Elephant; Arches,Elephant right on two arches with linear base
268,Dog or Rabbit-like; Arches,Dog right on two arches with ground line
269,,Box enclosing shape like four fingers of a hand
270,,Quartered square with left side thicker; from top left corner springs a plant with three branches each branch has three simple twigs
271,,Rectangle enclosing swastika and taurine
272,Large taurine,Taurine with bifurcated ends to horns pointed head and arc of dots on three sides
273,,Six-pointed star made of two outline triangles central pellet and six dots in the angles outside
275,Bull,Two bulls one above the other yoked to a plough
276,,Leaf with veins without stem
277,,Outline circle surrounded by four outline circles alternating with inward-facing V-shapes
278,Wheels with spokes,Six-spoked wheel with central outline circle at hub and two taurines placed obliquely outside
280,Dog or Rabbit-like,Dog right
281,Wheels with spokes,Six-spoked wheel with central outline circle at hub
282,,Circle enclosing four diamond shapes arranged in a cross
283,Bow & arrow,Bow and arrow
283a,,Bow bisected by upward-facing arrow
284,Wheels with spokes,Eight-spoked wheel with central outline circle at hub eight outline circles around
285,,Vertical pole supporting outline bud shape solid pot to right
286,,Rectangle enclosing bud on pole with a fish either side
287,,Square enclosing smaller outline square around which four taurines placed diagonally in the corners
288,Other plants,Plant with bulbous base and seven upward-inclined leaf-ended branches
289,Bow & arrow,As 283 but the bow is flatter
290,Other plants,Plant with expanding stem and seven branches with outline circle ends
291,Bird,Rectangle enclosing bird walking right with tail feathers and clawed feet
292,,Rectangle enclosing fish and from each short side two poles ending in outline circles
293,,Central solid square on apexes three outline circles and a solid half circle
294,Bow & arrow,Square enclosing bow bisected by upward-facing arrow
295,,Square enclosing taurine with outline centre surrounded on three sides by an arc of dots
296,,Oval enclosing four solid almond-shapes facing outward
297,,Outline circle towards which swim three fishes radially
298,,Rectangle enclosing left-facing fish above and below tangent to the rectangle edges a vertical bud with mushroom shapes on either side
299,Tortoise,Tortoise without toes
300,Other plants,Plant with seven upward inclined bud-ended branches
301,,Sausage-shaped oval enclosing two fishes facing each other
302,Other plants,Plant with five stems ending in outline ovals small buds rising from the two lower stems
303,Other plants,Plant with four stems each ending in outline ovals taurines between the stems and on top
304,Other plants,Oval enclosing two twigs each with five bud-ended stems
305,Two taurines,Fish between two taurines
306,Two taurines,Rectangle enclosing fish between two taurines
307,Fish,Beetle with three-toed legs between two fishes
308,Other plants,Plant with seven stems ending in outline buds; a taurine in between each bud
309,Fish,Rectangle enclosing fish and from the lower corners two upward inclined poles with outline circle caps
310,Fish,Flat base with two poles with outline circle caps rising from each end fish between them
311,Wheels with spokes,Eight-spoked waterwheel cups adjoining the spokes
312,,Fish left between two horizontal lines supporting a plant with five upward-inclined bud-ended branches the bottom two supported by poles taurines between the side branches
313,,As 312 but fish right
314,,Candelabrum with four lamps on a vertical ornamented stick
315,Dog or Rabbit-like,Dog right with three taurines clockwise around
316,Fish,Box enclosing two downward-facing fishes below which a bud-ended pole rises from the base on either side a pole capped by a diagonal line
317,Centipede,Centipede-like insect supported by a vertical pole with three bosses a taurine either side
318,Other plants,Plant with five bud-ended stems and taurines either side below the bottom stems
319,Frog,Frog from above
320,Rhino,Rhinoceros right
321,,Horizontal line bisecting two sets of inward-facing arches at either end outward-facing taurines
322,Dog or Rabbit-like,Dog right with five small cusps at feet
323,Fish; Arches,Base on which three arches in pyramid form on either side two outward-facing fishes all between two horizontal lines
324,Arches,Three arches in a row on a single base from which rises a pole surmounted by a dot and platform taurine either side
325,Arches,Base on which six arches in pyramid form
326,Arches,Base on which five arches arranged 2-3; on top an upward-facing taurine
327,Arches,As 326 but the taurine to the left
328,Arches,As 326 but a mushroom shape at the top
329,Other plants; Arches,As 326 but a plant with five leaf-ended branches at the top
330,Other plants; Arches,As 326 but a plant with a coconut palm at the top
331,Fish; Crocodile,Crocodile right with fish in mouth
332,Dog or Rabbit-like; Fish,Rectangle enclosing dog right below two horizontal lines with two right-facing fishes between
333,Tree in railing,Six-square rectangle above a plant with seven plain branches and a taurine at each side ('Tree in railing')
334,Wheels with spokes,Eight-spoked wheel with outline circle at hub four taurines and four arcs alternating anti-clockwise around
335,Two taurines,Vertical post with outline bud at top taurine at each side
336,,Conch shell with single-finned fish at either side
337,Camel,Camel left
338,Bull,Buffalo right
339,,Dumbbell with horizontal line above four taurines around
340,Dog or Rabbit-like,Dog left
341,,Four outline circles arranged in square formation each enclosing a dot; four clockwise taurines around
342,Beetle-like,Box enclosing stick insect two-toed at front and three-toed at back; around four water-beetle type insects
343,Arches,Three arches in a row on a single base three dumbbells in a row below
344,Arches,Base on which five arches arranged 2-3 taurine right above with dumbbell at each side
345,Arches,As 344 but dumbbell in place of taurine
346,Arches,Base on which six arches in pyramid form three-pronged taurines on either side
347,Dog or Rabbit-like; Arches,Base on which five arches arranged 2-3 upon which slender dog left
348,Dog or Rabbit-like; Arches,As 347 but dog right
349,Other plants; Arches,As 347 but plant with seven leaf-ended branches on top
350,Bull; Arches,As 347 but bull on top
350a,Bull; Arches,As 350 but the bull is upward inclined and its horns straight with trace of ears
351,Arches,Five arches on base the central arch tall; taurine above and two taurines on each side
352,Fish; Arches,Rectangle enclosing two fishes facing each other above and tangent a large outline arch enclosing a three-arched hill above outside a dumbbell sideways
353,Fish; Arches,Rectangle enclosing three fishes left above and tangent five arches arranged 2-3
354,Dog or Rabbit-like; Arches,Dog on two arches with no ground line and taurine to right
355,Arches,Base on which five arches arranged 2-3 above a dot surrounded by four taurines two upward and two downward
356,Arches,As 355 but sun in place of dot above arches
357,Arches,Three arches detached from one another on a base line the central arch taller
358,,Four-legged table spear to left and taurine to right
359,,Solid shape like a casket two taurines facing each other at top and bottom and an upward-facing taurine at each side
360,Arches,Three-arched hill with three taurines facing left above
361,Wheels with spokes,Outline rectangle supporting an eight-spoked wheel with outline circular hub
362,Human Figure; Wheels with spokes,Human figure standing facing holding wheel (missile discus?) high in left hand and stick held high in right
363,Human Figure,As 362 but sickle-like object in left hand
364,,Solid rectangle above and below three detached arches and a finless fish at either side
365,Bull,Box enclosing bull right with taurine left above back and taurine downwards below head
366,Bull; Fish,As 365 but fish right above back and fish upwards below head
367,Bow & arrow,Bow bisected by arrow with taurine below
368,Tree in railing,Four-square box supporting plant with five branches the top branch with one bud and the side branches with three buds each two taurines either side of the stem tangent to the top of the box
369,,Srivasta symbol with six taurines clockwise around
370,,Srivasta symbol
371,Human Figure,Human figure standing left holding trident up in right hand and pot down in left two zigzags to left
372,Tree in railing,Box ('Tree in railing') with handles and bosses supporting plant with five branches the top branch with one outline oval leaf containing a dot the side branches with two similar
373,Human Figure,Female human figure wearing skirt standing facing with stick raised in right hand and shield in left
374,Arches,Triple-arched hill with upward facing arc tangent above
375,Arches,Base on which six arches in pyramid form with upward-facing arc tangent above
376,Standard,Four-squared box supporting open standard oblique right-facing taurines either side above box
377,,Six-Armed Symbol
378,,Six-Armed Symbol
379,,Six-Armed Symbol
380,,Six-Armed Symbol
381,,Six-Armed Symbol
382,,Six-Armed Symbol
383,,Six-Armed Symbol
383a,,Six-Armed Symbol
384,,Six-Armed Symbol
385,,Six-Armed Symbol
386,,Six-Armed Symbol
387,,Six-Armed Symbol
388,,Six-Armed Symbol
389,,Six-Armed Symbol
390,,Six-Armed Symbol
391,,Six-Armed Symbol
392,,Six-Armed Symbol
393,,Six-Armed Symbol
394,,Six-Armed Symbol
395,,Six-Armed Symbol
396,,Six-Armed Symbol
397,,Six-Armed Symbol
398,,Six-Armed Symbol
399,,Six-Armed Symbol
400,,Six-Armed Symbol
401,,Six-Armed Symbol
402,,Six-Armed Symbol
403,,Six-Armed Symbol
404,,Six-Armed Symbol
405,,Six-Armed Symbol
406,,Six-Armed Symbol
407,,Six-Armed Symbol
408,,Six-Armed Symbol
409,,Six-Armed Symbol
410,,Six-Armed Symbol
411,,Six-Armed Symbol
412,,Six-Armed Symbol
413,,Six-Armed Symbol
414,,Six-Armed Symbol
415,,Six-Armed Symbol
416,,Six-Armed Symbol
417,,Six-Armed Symbol
418,,Six-Armed Symbol
419,,Six-Armed Symbol
420,,Six-Armed Symbol
421,,Six-Armed Symbol
422,,Six-Armed Symbol
423,,Six-Armed Symbol
424,,Six-Armed Symbol
425,,Six-Armed Symbol
426,,Six-Armed Symbol
427,,Six-Armed Symbol
428,,Six-Armed Symbol
429,,Six-Armed Symbol
430,,Six-Armed Symbol
431,,Six-Armed Symbol
432,,Six-Armed Symbol
433,,Six-Armed Symbol
434,,Six-Armed Symbol
435,,Six-Armed Symbol
436,,Six-Armed Symbol
437,,Six-Armed Symbol
438,,Six-Armed Symbol
439,,Six-Armed Symbol
440,,Six-Armed Symbol
441,,Six-Armed Symbol
442,,Six-Armed Symbol
443,,Six-Armed Symbol
444,,Six-Armed Symbol
445,,Six-Armed Symbol
446,,Six-Armed Symbol
447,,Six-Armed Symbol
448,,Six-Armed Symbol
449,,Six-Armed Symbol
450,,Six-Armed Symbol
451,,Six-Armed Symbol
452,,Six-Armed Symbol
453,,Six-Armed Symbol
454,,Six-Armed Symbol
455,,Six-Armed Symbol
456,,Six-Armed Symbol
457,,Six-Armed Symbol
458,,Six-Armed Symbol
459,,Six-Armed Symbol
460,,Six-Armed Symbol
461,,Six-Armed Symbol
462,,Six-Armed Symbol
463,,Six-Armed Symbol
464,,Six-Armed Symbol
465,,Six-Armed Symbol
466,,Six-Armed Symbol
467,,Sun Symbol
468,,Sun Symbol
469,Human Figure,Special obverse mark of Series VII
470,Human Figure,Special obverse mark of Series VII
471,,Special obverse mark of Series VII
472,Dog or Rabbit-like; Squared square,Special obverse mark of Series VII
473,,Bold Reverse Mark
474,Standard,Bold Reverse Mark
475,,Bold Reverse Mark
476,,Bold Reverse Mark
477,,Bold Reverse Mark
478,,Bold Reverse Mark
479,,Bold Reverse Mark
480,,Bold Reverse Mark
481,,Large obverse countermark
482,,Large obverse countermark
483,,Large upward-facing crescent
484,,Taurine with raised dots round the periphery
485,,A symbol like a feather with a handle on the left
486,Beetle-like,Beetle
487,,Solid dot enclosed by circle around which eight dots
488,,Solid dot enclosed by circle around which four small tangent outline circles or dots (on 89e)
490,Other plants,Plant with six upward-inclined branches on a stem with a dot at the base
491,,A pot with a narrow neck
492,Dog or Rabbit-like,Dog hanging from a pole either side of which two or three dots
493,,Uncertain object. Possibly animal head right with mane
494,,Circle enclosing a solid rectangle
495,Dog or Rabbit-like,Dog right taurine above
496,,Circle enclosing solid dot outside four tangent outline circles and four dots in cruciform arrangement
497,Human Figure,Shape like the top part of a human figure with arms raised (needs verification possibly dot in triangle)
498,,Circle enclosing shape like a torque
499,,Narrow fish with tail fins and tail
500,,Large solid dot with eight small dots arranged 2-2-2-2 above
501,,Two solid ovals joined together smaller on top
502,,Vertical pole supporting outline circle
503,,Solid oval shape connected to a wavy line above by three unevenly spaced lines
504,,Box enclosing four bars placed diagonally at the corners; outside four bars protruding outwards from the box sides
505,,Rectangle divided long ways with four dots in each compartment
506,Feline,Cat-like animal right
507,,Uncertain object possibly a running bird; form varies see enlarged photo section
508,Human Figure,Headless man facing (?)
509,,Four dots in a circle
510,Turtle,Four-legged animal from above with prominent ears
511,,As 501 but small downward-facing crescent above
512,,Central dot with five dots around
513,,Vertical pole on a ground line supporting a wavy line. Small pellets or uprights at each end of the ground line
514,,Outline triangle with clockwise arcs on apexes and three dots outside
515,,Dots arranged in leaf shape with one dot inside. Dot arrangement varies. See also third marks
516,Other plants,Plant with bulbous base and five upward-inclined branches each branch ending with an outline bud
517,,Flat bar on the right end of which a solid rectangle
518,Frog,Frog
519,Other plants,Leaf with veins on short stem
520,Other plants,Twig with eight plain upward-inclined side branches and slightly bulbous base
521,Arc & dots,Upward-facing crescent above which five dots in pyramid arrangement
522,,Outline box with handles on all four sides
523,,Two arcs one contained within the other. This mark is probably incomplete
524,,Flower petal with eight petals and a central outline circle enclosing a dot
525,Feline,Animal with no ears (lion cub?) left
526,,Wavy line with two dots in the arcs
527,,Square enclosing a solid oval with four legs
528,Other plants,Plant with five branches the side branches with two leaf ends and the top with one
529,,Three solid rectangles in a row with taurine centred above
530,Standard,Standard-like shape with arc to left supporting an outline square with two taurines tangent on top. This mark may need verification
531,,Triangle enclosing three outline circles
532,Other plants,Plant with five branches with a leaf end and two buds the top with leaf end only taurine either side below the lower branches
533,Elephant,Rectangle enclosing elephant left with fish left above back
534,,Vertical pole supporting outline spade shape
535,Other plants,Three cactus-like branches interlocking and arranged in a sprig
536,,Flower petal with solid circle in centre
537,Bull,Bull right small solid sun above back
538,Human Figure,Human figure standing facing with both arms raised holding stick in right and dagger in left hair raised high above head
539,Human Figure; Bull,Bull right human figure holding stick in right hand above back
540,Feline,Lion seated right
541,Wheels with spokes,Wheel with outline circle enclosing dot at hub and more than eight spokes
542,Human Figure,Human figure facing with elaborate headdress
543,Elephant,Elephant right three left-facing taurines below two to the left and a dot with four outward-facing arcs round above
544,Elephant,As 543 but Ujjain symbol above
545,,Fish between two poles
546,Turtle,Tortoise in a box
547,,Ujjain symbol
548,,Triangular base supporting antler-like shape
549,,Two circles enclosing dots six dumbbells around
550,Ship,Heavy sailing ship right with foremast bowspit cabins and mizzen
551,,Conch shell
552,Ship,Light sailing ship left with figurehead on prow two main masts with sail and mizzen mast
553,Ship,Bird left with beaked head and triangular tail
554,,Conch shell in a box
555,Bird,Duck sitting right
556,,Stylised fish
557,,Shape like a human crawling left
558,,Two ovals each enclosing a fish
559,,Plant with five (visible) buds and random dots around (may be incomplete)
560,,Lizard with (?) four feet
561,Human Figure,Two human figures standing facing beside each other with arms raised the left figure holds a large shield the right a stick and a V-shaped object
562,Human Figure,Ithyphallic human figure standing left with headdress in a high bun holding uncertain objects
563,Wheels with spokes,Waterwheel with central hub eight cups and outline circle enclosing dot at hub
564,,Object like a key with open circle as handle
565,,Object like the letter C
566,,Six-Armed Symbol
567,,Large obverse countermark
568,Tortoise,Rectangle enclosing fish and tortoise
569,,Square enclosing central spear with three inverted cusps to the left and a taurine (?) to the right
570,,Six-Armed Symbol
572,,Six-Armed Symbol
573,,Dog-like animal left within circle eight dots around
574,Other plants,Rectangle enclosing plant with four straight upward-inclined branches. Needs verification
575,,Square enclosing four taurines in anticlockwise rotation
576,,Six-Armed Symbol
577,,Vertical pole supporting open lozenge shape
578,,Rectangle enclosing two ovals and two fishes in quadrilateral formation
579,,Six-Armed Symbol
580,,Base on which six arches arranged 3-3 supporting a vertical pole with hanging buttresses either side
581,Elephant,Three right-facing elephants one above the other taurine behind each
582,,Rectangle enclosing right-facing bird above vertical post supporting open circle fish to left and right one upwards one downwards (?)
583,Two taurines,Outline pot with narrow neck taurine on each side
585,,Six-Armed Symbol
586,,Arc of dots below which solid tear-shape with taurines on either side; scroll-like object below
587,Fish,Two vertical poles with bud ends head-to-head two fishes either side one pair upwards and one downwards
588,,Two solid dots joined by a downward-facing arc
589,,Six-Armed Symbol
590,,Six-Armed Symbol
591,,Two concentric arcs with vertical pole above and two dots either side
592,Large taurine,Open taurine with bifurcated ends to horns and arc of dots round lower part
593,,Animal with long tail right (monkey)
594,Other plants,Plant with nine branches ending in pointed leaves
595,,Square enclosing three dots slender pot-like object sideways above
596,Dog or Rabbit-like,Crouching cat-like animal right
597,,Beehive shape enclosing three parallel horizontal lines
598,Dog or Rabbit-like,Vertical pole with two bosses supporting dog left
599,,Vertical pole with one boss supporting dog right
600,,Rectangle enclosing ?animal left
601,,Rectangle enclosing large taurine with pointed head
602,Other plants,Rectangle enclosing three interlocking trees with multiple branches and wide bases
603,,Solid pot-like object with taurines coming out from the neck. Needs verification
604,Other plants,Plant with wide base and four branches two have two buds two have one bud single stem at top. Needs verification
605,,Six-Armed Symbol
606,,Base on which five arches arranged 2 on 3 upward-facing arc housing dot above
608,,Solid square with taurine on either side and knife-like objects above and below
609,,Irregular triangular shape with two protrusions from two of the apexes
610,,Five arches arranged 2 on 3 upon which uncertain animal right
611,,Six-Armed Symbol
612,Arches,Five arches arranged 2 on 3 tangent vertical pole above
613,Bull; Arches,Base of two arches upon which bull right
614,,Taurine-like object with broad vertical bar above (incomplete?)
615,,Three-sided (?) box enclosing dumbbell above which plant-like object with ground line and four straight branches (?)
616,Other plants,Plant with six branches the bottom two with three leaves the rest one leaf each a triskeles in between each pair of branches and on top
617,Deer-like,Dog-like animal walking right backward-facing taurine above
618,Other plants,Plant with arrow-shaped bud at top four branches each with a double leaf a seed springs from each branch
619,Other plants,Plant with arrow-shaped bud at top four bud-ended branches and a taurine either side of the lower trunk
624,,Six-Armed Symbol
625,,Six-Armed Symbol
626,Bird,Bird right head lowered pecking
626a,,As 626 but left
627,,Six solid arcs rotating clockwise round a central pellet
628,,Fish-like object with no fins
629,,Prawn or lobster right
631,Bird,Fish (shark?) left with one fin above and four below
633,,Tiger left with large claws
634,Fish,Six-Armed Symbol
635,,Eight spoked wheel with solid boss
637,,Plough(?)